,DICE_min,h,w,IOU_min,Tissue_name
70,0.9150406611645236,6,4,0.8433870546214827,GCA019TIA_TISSUE01
59,0.9106226661404414,5,4,0.8359111557004709,GCA019TIA_TISSUE01
47,0.8839337090527708,4,3,0.7920082491717919,GCA019TIA_TISSUE01
58,0.8818766252982994,5,3,0.7887113759101686,GCA019TIA_TISSUE01
48,0.8684483346437244,4,4,0.7674844739592941,GCA019TIA_TISSUE01
69,0.8665799251692754,6,3,0.7645708280742234,GCA019TIA_TISSUE01
46,0.8650328448711471,4,2,0.7621655313654779,GCA019TIA_TISSUE01
30,0.862345373019986,2,8,0.7580027827154747,GCA019TIA_TISSUE01
71,0.8549858776091251,6,5,0.7467033470502974,GCA019TIA_TISSUE01
34,0.8525071513158962,3,1,0.7429302520652005,GCA019TIA_TISSUE01
57,0.8465760259448671,5,2,0.7339677733318914,GCA019TIA_TISSUE01
35,0.8367999554225111,3,2,0.7193947071472674,GCA019TIA_TISSUE01
29,0.8357437654183864,2,7,0.7178349066077525,GCA019TIA_TISSUE01
82,0.8351063174114022,7,5,0.716894880531629,GCA019TIA_TISSUE01
51,0.8280436609971416,4,7,0.7065482163795198,GCA019TIA_TISSUE01
36,0.8278842286468138,3,3,0.706316089997694,GCA019TIA_TISSUE01
40,0.819916530327172,3,7,0.6947953694788129,GCA019TIA_TISSUE01
41,0.8033178207055292,3,8,0.6712875269682232,GCA019TIA_TISSUE01
20,0.7682312237123228,1,9,0.6236813584669919,GCA019TIA_TISSUE01
21,0.7434988548675932,1,10,0.5917215895487665,GCA019TIA_TISSUE01
31,0.738835413592086,2,9,0.5858358389973974,GCA019TIA_TISSUE01
49,0.9239268386723645,6,1,0.8586096855463282,GCA019TIA_TISSUE02
41,0.9188637722853937,5,1,0.8499056351369918,GCA019TIA_TISSUE02
58,0.916424548402271,7,2,0.84574133444146,GCA019TIA_TISSUE02
34,0.9131465528536813,4,2,0.8401745012184223,GCA019TIA_TISSUE02
66,0.912873650877862,8,2,0.8397125611158387,GCA019TIA_TISSUE02
26,0.9127673865964737,3,2,0.839532750713853,GCA019TIA_TISSUE02
42,0.9087436939346686,5,2,0.8327500046357248,GCA019TIA_TISSUE02
57,0.9030145752849057,7,1,0.8231782801666977,GCA019TIA_TISSUE02
67,0.9027055942344056,8,3,0.8226649014988625,GCA019TIA_TISSUE02
50,0.8956572349043792,6,2,0.8110319216215698,GCA019TIA_TISSUE02
54,0.8834378297845925,6,6,0.7912123958258046,GCA019TIA_TISSUE02
61,0.8812826581756232,7,5,0.7877616849475572,GCA019TIA_TISSUE02
33,0.8781164998609662,4,1,0.782716297861714,GCA019TIA_TISSUE02
62,0.8777876620526871,7,6,0.7821939149753838,GCA019TIA_TISSUE02
40,0.8769531996394266,5,0,0.7808696835767358,GCA019TIA_TISSUE02
11,0.8762423468346696,1,3,0.7797431629199808,GCA019TIA_TISSUE02
12,0.8722702878782733,1,4,0.7734745998996264,GCA019TIA_TISSUE02
69,0.8722407366670298,8,5,0.7734281287029441,GCA019TIA_TISSUE02
27,0.8692849411539041,3,3,0.7687922207748932,GCA019TIA_TISSUE02
59,0.8682910417160727,7,3,0.7672388164468632,GCA019TIA_TISSUE02
21,0.8577356973326488,2,5,0.7509082576858199,GCA019TIA_TISSUE02
18,0.8520319775305473,2,2,0.7422088079576448,GCA019TIA_TISSUE02
65,0.846508150957207,8,1,0.7338657413658088,GCA019TIA_TISSUE02
19,0.8345753662424888,2,3,0.7161126872285919,GCA019TIA_TISSUE02
22,0.8315602655509978,2,6,0.7116843436885809,GCA019TIA_TISSUE02
35,0.8296222810111699,4,3,0.7088500298245063,GCA019TIA_TISSUE02
38,0.8270653613776615,4,6,0.7051248502210531,GCA019TIA_TISSUE02
20,0.813697545949935,2,4,0.6859106993936935,GCA019TIA_TISSUE02
46,0.8066625715398675,5,6,0.6759719022479457,GCA019TIA_TISSUE02
51,0.8015980885070573,6,3,0.6688891938668924,GCA019TIA_TISSUE02
39,0.799082072331475,4,7,0.6653927416029349,GCA019TIA_TISSUE02
13,0.7963583749248102,1,5,0.6616241565051082,GCA019TIA_TISSUE02
76,0.7947205824763949,9,4,0.6593662605715496,GCA019TIA_TISSUE02
74,0.7923927113412327,9,2,0.6561675461741425,GCA019TIA_TISSUE02
55,0.7892222986586629,6,7,0.6518308833936551,GCA019TIA_TISSUE02
30,0.7825237210820388,3,6,0.6427424785454638,GCA019TIA_TISSUE02
43,0.7792592660554667,5,3,0.63834952368426,GCA019TIA_TISSUE02
70,0.7782965288595264,8,6,0.6370584575101338,GCA019TIA_TISSUE02
4,0.7675524775420243,0,4,0.6227871479762713,GCA019TIA_TISSUE02
77,0.7529248335365282,9,5,0.6037525674348212,GCA019TIA_TISSUE02
47,0.7477922784482587,5,7,0.5971790986255788,GCA019TIA_TISSUE02
28,0.7220139964768709,3,4,0.5649623661655414,GCA019TIA_TISSUE02
10,0.9380472620909504,1,1,0.8833229847289955,GCA054ACB_TISSUE01
43,0.9277942982411627,4,7,0.8653137142613742,GCA054ACB_TISSUE01
52,0.9227294013064425,5,7,0.8565437527260724,GCA054ACB_TISSUE01
53,0.9183846909629089,5,8,0.8490862539478122,GCA054ACB_TISSUE01
19,0.916837737198534,2,1,0.8464454206770885,GCA054ACB_TISSUE01
11,0.9128499731700388,1,2,0.839672492886592,GCA054ACB_TISSUE01
1,0.9118878046265347,0,1,0.8380457534652975,GCA054ACB_TISSUE01
61,0.911063609275813,6,7,0.8366545714115757,GCA054ACB_TISSUE01
13,0.9082780003884696,1,4,0.8319682123394637,GCA054ACB_TISSUE01
2,0.9063575102248038,0,2,0.8287511857838572,GCA054ACB_TISSUE01
44,0.8978148344215047,4,8,0.8145771350046029,GCA054ACB_TISSUE01
9,0.8977102891884441,1,0,0.8144050337977925,GCA054ACB_TISSUE01
23,0.895502301814136,2,5,0.8107778796506298,GCA054ACB_TISSUE01
12,0.8905872740699617,1,3,0.8027555960504854,GCA054ACB_TISSUE01
60,0.8887807370612207,6,6,0.7998248110914782,GCA054ACB_TISSUE01
0,0.8798785145872187,0,0,0.7855206118673551,GCA054ACB_TISSUE01
34,0.8741589789831449,3,7,0.7764497497112053,GCA054ACB_TISSUE01
20,0.8672143228922107,2,2,0.7655590465324108,GCA054ACB_TISSUE01
41,0.8603436474230333,4,5,0.7549149754464515,GCA054ACB_TISSUE01
24,0.8417880193272266,2,6,0.7267996130019783,GCA054ACB_TISSUE01
50,0.8255467695385382,5,5,0.7029200892181696,GCA054ACB_TISSUE01
29,0.8252827723725376,3,2,0.7025373876905967,GCA054ACB_TISSUE01
62,0.8213699709702345,6,8,0.6968853251145966,GCA054ACB_TISSUE01
31,0.7448545139912279,3,4,0.5934407782159066,GCA054ACB_TISSUE01
1,0.8816275269337852,0,1,0.788312971005669,GCA054ACB_TISSUE02
0,0.8421254751104488,0,0,0.7273028786869445,GCA054ACB_TISSUE02
0,0.8678802031805517,0,0,0.7665974975605538,GCA054ACB_TISSUE03
3,0.9104972981215512,1,1,0.8356998991849508,GCA054ACB_TISSUE04
4,0.8933688191061464,2,0,0.8072868671426284,GCA054ACB_TISSUE04
1,0.8909332415014513,0,1,0.8033179559971612,GCA054ACB_TISSUE04
6,0.8658168897682921,3,0,0.7633836917139508,GCA054ACB_TISSUE04
5,0.8655521520170292,2,1,0.7629721838301923,GCA054ACB_TISSUE04
8,0.8462830974659072,4,0,0.7335275192788461,GCA054ACB_TISSUE04
1,0.8297033098953868,0,1,0.708968347010551,GCA054TIA_TISSUE01
3,0.7953223507169702,1,1,0.6601951577588498,GCA054TIA_TISSUE01
5,0.7822366487462189,2,1,0.642355222745738,GCA054TIA_TISSUE01
4,0.7666286425386291,2,0,0.6215716279617267,GCA054TIA_TISSUE01
11,0.9431549911599211,1,3,0.892425079619824,GCA054TIA_TISSUE02
12,0.9389759348056099,1,4,0.884971383409273,GCA054TIA_TISSUE02
29,0.9354244805791816,3,5,0.8786830652353331,GCA054TIA_TISSUE02
20,0.9351903379608044,2,4,0.8782699587547319,GCA054TIA_TISSUE02
19,0.9320125238383558,2,3,0.872681135913706,GCA054TIA_TISSUE02
36,0.9273795249823611,4,4,0.8645924132364811,GCA054TIA_TISSUE02
10,0.9202140596415909,1,2,0.8522189678966812,GCA054TIA_TISSUE02
54,0.9162734448503175,6,6,0.8454839834793597,GCA054TIA_TISSUE02
9,0.9155224414131404,1,1,0.8442059811787365,GCA054TIA_TISSUE02
26,0.9107596003251324,3,2,0.8361419578239929,GCA054TIA_TISSUE02
34,0.9104292426801331,4,2,0.8355852399339468,GCA054TIA_TISSUE02
27,0.9090510542748506,3,3,0.8332663575476559,GCA054TIA_TISSUE02
18,0.9055873842650294,2,2,0.8274643139570055,GCA054TIA_TISSUE02
2,0.9036550940352678,0,2,0.8242434375522488,GCA054TIA_TISSUE02
46,0.9022448549253463,5,6,0.821899909987658,GCA054TIA_TISSUE02
30,0.9015011814331715,3,6,0.8206665006789241,GCA054TIA_TISSUE02
17,0.9012021701727673,2,1,0.820171050314566,GCA054TIA_TISSUE02
45,0.9006284890187376,5,5,0.8192212368818496,GCA054TIA_TISSUE02
28,0.8959708538549715,3,4,0.8115463771798596,GCA054TIA_TISSUE02
47,0.8901744519173134,5,7,0.8020850244934096,GCA054TIA_TISSUE02
25,0.8897162317616979,3,1,0.8013412941931226,GCA054TIA_TISSUE02
55,0.886770768913626,6,7,0.7965751744124142,GCA054TIA_TISSUE02
35,0.8820300972613551,4,3,0.7889569254956527,GCA054TIA_TISSUE02
33,0.8780204345448217,4,1,0.7825636594269129,GCA054TIA_TISSUE02
21,0.8761543811624335,2,5,0.7796038588188573,GCA054TIA_TISSUE02
37,0.8739325117531801,4,5,0.7760924819113727,GCA054TIA_TISSUE02
3,0.8649162261216015,0,3,0.7619844861021332,GCA054TIA_TISSUE02
1,0.8476736466022137,0,1,0.7356194224862914,GCA054TIA_TISSUE02
16,0.833212102517502,2,0,0.7141075977178624,GCA054TIA_TISSUE02
39,0.8255633364022729,4,7,0.7029441109861743,GCA054TIA_TISSUE02
8,0.8213094390710268,1,0,0.696798181215365,GCA054TIA_TISSUE02
24,0.8195583482621103,3,0,0.6942811167799157,GCA054TIA_TISSUE02
0,0.7927904482862284,0,0,0.6567132004222233,GCA054TIA_TISSUE02
22,0.7656221023211975,2,6,0.6202493610432581,GCA054TIA_TISSUE02
58,0.8745872651475306,5,8,0.7771257939978621,GCA062ACA_TISSUE01
55,0.8720515000607312,5,5,0.7731305995864921,GCA062ACA_TISSUE01
68,0.8654788774838713,6,8,0.7628583199618371,GCA062ACA_TISSUE01
36,0.8577687933798708,3,6,0.7509589900962478,GCA062ACA_TISSUE01
25,0.8057983623245507,2,5,0.6747590498142862,GCA062ACA_TISSUE01
66,0.7858273731973295,6,6,0.6472122298347972,GCA062ACA_TISSUE01
47,0.75949290408995,4,7,0.6122439013803281,GCA062ACA_TISSUE01
67,0.7592158369741647,6,7,0.6118838873013215,GCA062ACA_TISSUE01
48,0.7508494716668117,4,8,0.6010880631565776,GCA062ACA_TISSUE01
56,0.7396568511658188,5,6,0.5868694187372718,GCA062ACA_TISSUE01
24,0.7379317108252562,2,4,0.5847003027924771,GCA062ACA_TISSUE01
57,0.6685506716700897,5,7,0.5021225047360078,GCA062ACA_TISSUE01
35,0.629223343571742,3,5,0.45902688860435337,GCA062ACA_TISSUE01
15,0.9037917385170089,1,6,0.8244708330279559,GCA062ACA_TISSUE02
13,0.8696615126984788,1,4,0.769381492772699,GCA062ACA_TISSUE02
28,0.8611577041422748,3,1,0.756169407541796,GCA062ACA_TISSUE02
24,0.8520012232097187,2,6,0.7421621350432537,GCA062ACA_TISSUE02
22,0.8405181856324407,2,4,0.7249084679184057,GCA062ACA_TISSUE02
25,0.7913110342176086,2,7,0.6546854125580508,GCA062ACA_TISSUE02
6,0.7878243474475162,0,6,0.6499258962911776,GCA062ACA_TISSUE02
14,0.7536169883077379,1,5,0.6046431804975608,GCA062ACA_TISSUE02
16,0.7489311462378978,1,7,0.5986330360521558,GCA062ACA_TISSUE02
11,0.9208780785256954,2,3,0.8533586985867033,GCA062TIA_TISSUE01
7,0.911310093376996,1,3,0.8370703979462611,GCA062TIA_TISSUE01
6,0.9065383534223678,1,2,0.8290536355433171,GCA062TIA_TISSUE01
22,0.9004778763751291,5,2,0.818972039786213,GCA062TIA_TISSUE01
18,0.8867315709569367,4,2,0.796511917363136,GCA062TIA_TISSUE01
5,0.8783022433458108,1,1,0.7830115003221715,GCA062TIA_TISSUE01
10,0.873518436441102,2,2,0.7754396207616497,GCA062TIA_TISSUE01
1,0.8649301464676133,0,1,0.7620060948459808,GCA062TIA_TISSUE01
13,0.7999491173021642,3,1,0.6665959992494633,GCA062TIA_TISSUE01
17,0.7548780024564113,4,1,0.6062683045883501,GCA062TIA_TISSUE01
3,0.8987556491359565,1,0,0.8161273639504139,GCA062TIA_TISSUE02
4,0.8498844399844863,1,1,0.738955692394095,GCA062TIA_TISSUE02
0,0.7377496049207197,0,0,0.5844716767740704,GCA062TIA_TISSUE02
34,0.9420110100263336,5,4,0.8903788403788404,GCA062TIA_TISSUE03
10,0.9393880574143127,1,4,0.8857038278525882,GCA062TIA_TISSUE03
56,0.937564376770483,9,2,0.8824669996668042,GCA062TIA_TISSUE03
21,0.9368264270396318,3,3,0.8811603776334214,GCA062TIA_TISSUE03
28,0.9362316558569366,4,4,0.8801085885020707,GCA062TIA_TISSUE03
49,0.9352533409064491,8,1,0.8783810993148894,GCA062TIA_TISSUE03
50,0.9323987451984085,8,2,0.87335860744346,GCA062TIA_TISSUE03
29,0.930706493369099,4,5,0.8703938512649741,GCA062TIA_TISSUE03
23,0.92901201760587,3,5,0.8674345864545733,GCA062TIA_TISSUE03
11,0.9274368033303207,1,5,0.8646919885094159,GCA062TIA_TISSUE03
44,0.9259732233558421,7,2,0.8621509663372495,GCA062TIA_TISSUE03
45,0.9259454450970203,7,3,0.862102805551308,GCA062TIA_TISSUE03
26,0.9235702571048573,4,2,0.8579939965434644,GCA062TIA_TISSUE03
39,0.9214269672994797,6,3,0.8543018779103165,GCA062TIA_TISSUE03
17,0.9206731983893142,2,5,0.8530068900497866,GCA062TIA_TISSUE03
57,0.9203200712085965,9,3,0.852400833494057,GCA062TIA_TISSUE03
16,0.9196654392970778,2,4,0.8512783657487505,GCA062TIA_TISSUE03
35,0.9148192772315575,5,5,0.8430109916602002,GCA062TIA_TISSUE03
15,0.913576763707149,2,3,0.8409031887282735,GCA062TIA_TISSUE03
9,0.9125542116471757,1,3,0.8391721421161046,GCA062TIA_TISSUE03
22,0.9086018714039404,3,4,0.8325118465914335,GCA062TIA_TISSUE03
32,0.907928465215294,5,2,0.8313818612571799,GCA062TIA_TISSUE03
51,0.9073524933734164,8,3,0.8304164772907935,GCA062TIA_TISSUE03
46,0.9026676482586902,7,4,0.8226018733761794,GCA062TIA_TISSUE03
27,0.9002628556492327,4,3,0.8186163941754511,GCA062TIA_TISSUE03
43,0.899424773592507,7,1,0.8172315276697778,GCA062TIA_TISSUE03
20,0.8895937455289699,3,2,0.8011425925845043,GCA062TIA_TISSUE03
5,0.885994713668693,0,5,0.795323616987933,GCA062TIA_TISSUE03
33,0.8761741608192953,5,3,0.7796351803568129,GCA062TIA_TISSUE03
38,0.8743864176058915,6,2,0.7768086946375747,GCA062TIA_TISSUE03
31,0.8564991112100753,5,1,0.7490148189709231,GCA062TIA_TISSUE03
52,0.8543238594884867,8,4,0.7456940310435846,GCA062TIA_TISSUE03
55,0.830789559887404,9,1,0.7105560567928202,GCA062TIA_TISSUE03
38,0.899357584338608,5,3,0.8171205938835012,GCA066ACB_TISSUE01
31,0.8891117653858446,4,3,0.8003611323641928,GCA066ACB_TISSUE01
19,0.8707107729169972,2,5,0.77102548402598,GCA066ACB_TISSUE01
48,0.8495030202989705,6,6,0.7383791833332096,GCA066ACB_TISSUE01
32,0.847969666395771,4,4,0.7360653983327181,GCA066ACB_TISSUE01
55,0.840851561138132,7,6,0.7254045581631788,GCA066ACB_TISSUE01
30,0.8405697420520418,4,2,0.7249851694743087,GCA066ACB_TISSUE01
62,0.8341575671459681,8,6,0.7154976896010853,GCA066ACB_TISSUE01
34,0.8279735908071665,4,6,0.7064461895337206,GCA066ACB_TISSUE01
75,0.8251469786418949,10,5,0.7023406023061868,GCA066ACB_TISSUE01
37,0.7853775248346616,5,2,0.6466021672518067,GCA066ACB_TISSUE01
41,0.7556803997248479,5,6,0.6073041038313203,GCA066ACB_TISSUE01
69,0.7394942784598797,9,6,0.5866647535374495,GCA066ACB_TISSUE01
12,0.7264349994295604,1,5,0.5703949143578729,GCA066ACB_TISSUE01
68,0.7185299599878398,9,5,0.5607075761061269,GCA066ACB_TISSUE01
16,0.7102784119236926,2,2,0.5507222787385554,GCA066ACB_TISSUE01
29,0.7085342631748152,4,1,0.5486279991574594,GCA066ACB_TISSUE01
40,0.676924169591002,5,5,0.5116291553612212,GCA066ACB_TISSUE01
22,0.6674073260288641,3,1,0.5008337049009772,GCA066ACB_TISSUE01
9,0.5019859984942756,1,2,0.3351010057247168,GCA066ACB_TISSUE01
35,0.0017898221707358586,5,0,0.0008957126685643319,GCA066ACB_TISSUE01
40,0.8952580236949352,5,5,0.8103774844233107,GCA066ACB_TISSUE02
45,0.8709649383071247,6,3,0.771424172603816,GCA066ACB_TISSUE02
48,0.858305078339693,6,6,0.7517814628548097,GCA066ACB_TISSUE02
26,0.8387351751370308,3,5,0.7222600367973796,GCA066ACB_TISSUE02
64,0.8254960622704628,9,1,0.7028465684553172,GCA066ACB_TISSUE02
78,0.8233181129342079,11,1,0.6996947280180011,GCA066ACB_TISSUE02
71,0.8230540113843682,10,1,0.6993133239295674,GCA066ACB_TISSUE02
76,0.8193492430122409,10,6,0.6939810423724954,GCA066ACB_TISSUE02
44,0.8160478344037801,6,2,0.6892574363364006,GCA066ACB_TISSUE02
77,0.7911293238519947,11,0,0.6544366899302094,GCA066ACB_TISSUE02
41,0.7910254756992205,5,6,0.6542945775939462,GCA066ACB_TISSUE02
80,0.7892573973308382,11,3,0.6518787689397139,GCA066ACB_TISSUE02
87,0.7887308108992048,12,3,0.6511606321669353,GCA066ACB_TISSUE02
47,0.7886799684191969,6,5,0.6510913283502375,GCA066ACB_TISSUE02
29,0.7864464351127244,4,1,0.6480525111273318,GCA066ACB_TISSUE02
33,0.7850778751727406,4,5,0.6461960475733085,GCA066ACB_TISSUE02
15,0.7812985662535533,2,1,0.6410910372458822,GCA066ACB_TISSUE02
70,0.7785098314523651,10,0,0.6373443286719384,GCA066ACB_TISSUE02
54,0.7764676268317745,7,5,0.6346114282380468,GCA066ACB_TISSUE02
79,0.7735335127059281,11,2,0.6307008962083908,GCA066ACB_TISSUE02
75,0.7723138747884941,10,5,0.6290808855198553,GCA066ACB_TISSUE02
86,0.771863961450925,12,2,0.6284840907061144,GCA066ACB_TISSUE02
8,0.7709155453617115,1,1,0.627227480139749,GCA066ACB_TISSUE02
85,0.7665445984828668,12,1,0.6214611387975825,GCA066ACB_TISSUE02
46,0.7664485984768548,6,4,0.621334950072183,GCA066ACB_TISSUE02
16,0.7589255679316245,2,2,0.6115068913850706,GCA066ACB_TISSUE02
55,0.73208048119547,7,6,0.57738718454758,GCA066ACB_TISSUE02
22,0.7260691433305906,3,1,0.5699439177011855,GCA066ACB_TISSUE02
81,0.7250082331631813,11,4,0.5686375802738594,GCA066ACB_TISSUE02
53,0.7248836875200301,7,4,0.568484365249948,GCA066ACB_TISSUE02
73,0.6876249869681834,10,3,0.5239546472160035,GCA066ACB_TISSUE02
23,0.6835343476681869,3,2,0.5192192796351842,GCA066ACB_TISSUE02
25,0.6521182854255927,3,4,0.48380972779313836,GCA066ACB_TISSUE02
59,0.5719060119085729,8,3,0.40046804809597675,GCA066ACB_TISSUE02
72,0.5142323337666381,10,2,0.3461054816667886,GCA066ACB_TISSUE02
38,0.45196497681948206,5,3,0.2919604337445135,GCA066ACB_TISSUE02
9,0.4317026047287037,1,2,0.27526832986547456,GCA066ACB_TISSUE02
60,0.2699009862087934,8,4,0.15600320216202712,GCA066ACB_TISSUE02
82,0.8958474487652361,7,5,0.8113439105524124,GCA066TIB_TISSUE02
57,0.8773061206570877,5,2,0.7814295034462604,GCA066TIB_TISSUE02
62,0.8683952379079606,5,7,0.7674015407133197,GCA066TIB_TISSUE02
58,0.8618077316047198,5,3,0.7571723649289669,GCA066TIB_TISSUE02
59,0.851166610816529,5,4,0.7408964770962067,GCA066TIB_TISSUE02
50,0.8405365746288733,4,6,0.7249358248276182,GCA066TIB_TISSUE02
46,0.8355101153545987,4,2,0.7174902301611832,GCA066TIB_TISSUE02
61,0.8345444659985636,5,6,0.7160671871652333,GCA066TIB_TISSUE02
60,0.8226259631167492,5,5,0.6986955184559767,GCA066TIB_TISSUE02
17,0.8201686069851465,1,6,0.6951574706698969,GCA066TIB_TISSUE02
56,0.8144096332257837,5,1,0.6869232882193955,GCA066TIB_TISSUE02
15,0.8096089651883643,1,4,0.6801201802704057,GCA066TIB_TISSUE02
18,0.7874747814232671,1,7,0.6494502294538733,GCA066TIB_TISSUE02
47,0.7865281646529337,4,3,0.6481635104682738,GCA066TIB_TISSUE02
49,0.7770201170153082,4,5,0.6353498760085772,GCA066TIB_TISSUE02
51,0.7594789658712173,4,7,0.6122257865660449,GCA066TIB_TISSUE02
63,0.7572935836993262,5,8,0.6093905799196409,GCA066TIB_TISSUE02
68,0.7499617506561234,6,2,0.5999510423379166,GCA066TIB_TISSUE02
118,0.7462431807284143,10,8,0.5952056804460458,GCA066TIB_TISSUE02
16,0.7361666800567741,1,5,0.5824871590581614,GCA066TIB_TISSUE02
48,0.7323355510626293,4,4,0.5777045744846083,GCA066TIB_TISSUE02
69,0.7052389232292317,6,3,0.5446865339728552,GCA066TIB_TISSUE02
19,0.6888450583829346,1,8,0.5253727355314487,GCA066TIB_TISSUE02
74,0.6761807679238871,6,8,0.5107802874743327,GCA066TIB_TISSUE02
83,0.6289969382740938,7,6,0.45878594718984234,GCA066TIB_TISSUE02
71,0.6078501792442358,6,5,0.43662698524376403,GCA066TIB_TISSUE02
52,0.576852473199381,4,8,0.4053356818854925,GCA066TIB_TISSUE02
80,0.040093538776948455,7,3,0.020456863411700096,GCA066TIB_TISSUE02
22,0.9360737069931439,4,2,0.879829470467943,GCA069ACB_TISSUE01
17,0.9286200675329416,3,2,0.8667514103933376,GCA069ACB_TISSUE01
27,0.9256664632010224,5,2,0.8616192564918759,GCA069ACB_TISSUE01
13,0.9193067079426216,2,3,0.8506638420901866,GCA069ACB_TISSUE01
12,0.9033721554702341,2,2,0.823772768470602,GCA069ACB_TISSUE01
23,0.9032886354323947,4,3,0.8236338790822411,GCA069ACB_TISSUE01
19,0.9002708943678541,3,4,0.8186296877632977,GCA069ACB_TISSUE01
26,0.8887480862332934,5,1,0.7997719285996882,GCA069ACB_TISSUE01
6,0.8884320750915468,1,1,0.7992602657770251,GCA069ACB_TISSUE01
14,0.8793863320511605,2,4,0.7847363968536818,GCA069ACB_TISSUE01
5,0.8692164294892276,1,0,0.7686850535833347,GCA069ACB_TISSUE01
28,0.8659237823211064,5,3,0.7635498997531109,GCA069ACB_TISSUE01
0,0.8493464605209897,0,0,0.7381426566554121,GCA069ACB_TISSUE01
20,0.9386671379028517,2,4,0.8844229472439831,GCA069ACB_TISSUE02
21,0.9380345130586958,2,5,0.8833003751943418,GCA069ACB_TISSUE02
11,0.9348809285571342,1,3,0.8777243348865174,GCA069ACB_TISSUE02
12,0.9318414390369039,1,4,0.8723811923547352,GCA069ACB_TISSUE02
41,0.9296681211887621,5,1,0.8685793066551435,GCA069ACB_TISSUE02
3,0.9222541402379071,0,3,0.8557250597478426,GCA069ACB_TISSUE02
22,0.9215803560699992,2,6,0.8545656241122942,GCA069ACB_TISSUE02
2,0.917179608203558,0,2,0.8470283854572787,GCA069ACB_TISSUE02
51,0.9123441495110315,6,3,0.8388169374539532,GCA069ACB_TISSUE02
30,0.9121108062509586,3,6,0.8384225263858701,GCA069ACB_TISSUE02
10,0.9099863031162863,1,2,0.8348393288248437,GCA069ACB_TISSUE02
59,0.9089457957387995,7,3,0.8330894947188124,GCA069ACB_TISSUE02
50,0.903013094884943,6,2,0.8231758197607937,GCA069ACB_TISSUE02
31,0.902288370568851,3,7,0.8219721340079367,GCA069ACB_TISSUE02
43,0.9014969263222575,5,3,0.8206594482290189,GCA069ACB_TISSUE02
52,0.8933281252906273,6,4,0.80722041077011,GCA069ACB_TISSUE02
44,0.885677322918761,5,4,0.794812257826995,GCA069ACB_TISSUE02
23,0.884386994264259,2,7,0.7927363608324111,GCA069ACB_TISSUE02
53,0.8801911983830754,6,5,0.7860191821247892,GCA069ACB_TISSUE02
60,0.8773305205211129,7,4,0.7814682206630807,GCA069ACB_TISSUE02
38,0.8767106213837654,4,6,0.7804850985627352,GCA069ACB_TISSUE02
42,0.8749046458117327,5,2,0.7776271073867851,GCA069ACB_TISSUE02
1,0.8693254184861717,0,1,0.7688555422571334,GCA069ACB_TISSUE02
40,0.8685517965994279,5,0,0.7676460963824876,GCA069ACB_TISSUE02
39,0.8631499393610854,4,7,0.7592469484287062,GCA069ACB_TISSUE02
58,0.8617053742571948,7,2,0.7570143570649652,GCA069ACB_TISSUE02
25,0.8384893890900323,3,1,0.721895591150158,GCA069TIB_TISSUE01
10,0.8035785128243459,1,2,0.671651689172954,GCA069TIB_TISSUE01
53,0.6840243310668097,6,5,0.5197849376815009,GCA069TIB_TISSUE01
8,0.7705904744327685,1,2,0.6267972212735454,GCA069TIB_TISSUE02
13,0.761690329007794,2,1,0.6151048859995443,GCA069TIB_TISSUE02
19,0.7587081078042024,3,1,0.6112245738285432,GCA069TIB_TISSUE02
14,0.7412149041646677,2,2,0.5888335559556304,GCA069TIB_TISSUE02
20,0.6897460320936021,3,2,0.5264216319800348,GCA069TIB_TISSUE02
21,0.6647181026900798,3,3,0.4978110644870055,GCA069TIB_TISSUE02
7,0.5840502424035321,1,1,0.412479496020353,GCA069TIB_TISSUE02
26,0.5312427798058501,4,2,0.36169543373249047,GCA069TIB_TISSUE02
27,0.3329891932533582,4,3,0.19975227029465026,GCA069TIB_TISSUE02
68,0.899968018194094,5,8,0.8181289572296162,GCA071ACB_TISSUE01
93,0.8854778286370456,7,9,0.7944909947858558,GCA071ACB_TISSUE01
17,0.8537573097891237,1,5,0.7448311924519723,GCA071ACB_TISSUE01
81,0.8517504290619718,6,9,0.7417816218874437,GCA071ACB_TISSUE01
105,0.8494992037304235,8,9,0.7383734165894271,GCA071ACB_TISSUE01
69,0.8290700903068847,5,9,0.7080441651064945,GCA071ACB_TISSUE01
70,0.8156893984655799,5,10,0.6887461763905126,GCA071ACB_TISSUE01
80,0.7860337638117931,6,8,0.6474922781047847,GCA071ACB_TISSUE01
104,0.7751967416364348,8,8,0.6329153162705979,GCA071ACB_TISSUE01
56,0.7266484483602705,4,8,0.5706581559700034,GCA071ACB_TISSUE01
94,0.719341924154523,7,10,0.561697097548556,GCA071ACB_TISSUE01
92,0.6993606543213432,7,8,0.5377052882837601,GCA071ACB_TISSUE01
82,0.6931183575884813,6,10,0.5303604665450093,GCA071ACB_TISSUE01
103,0.6610172035586471,8,7,0.49367116987271875,GCA071ACB_TISSUE01
106,0.5845778549254447,8,10,0.4130060116408966,GCA071ACB_TISSUE01
117,0.5760028768678102,9,9,0.4044972194893541,GCA071ACB_TISSUE01
79,0.5708717786890336,6,7,0.39945455570484933,GCA071ACB_TISSUE01
83,0.559617107346288,6,11,0.38851968473137627,GCA071ACB_TISSUE01
91,0.54849986495624,7,7,0.37788481841216215,GCA071ACB_TISSUE01
6,0.9391373125578669,1,2,0.8852581240483057,GCA071ACB_TISSUE02
10,0.934970332821771,2,2,0.8778819610715191,GCA071ACB_TISSUE02
11,0.8938651461935522,2,3,0.8080978039138448,GCA071ACB_TISSUE02
9,0.8609046661420535,2,1,0.7557792930520553,GCA071ACB_TISSUE02
14,0.8570558684731314,3,2,0.7498668087373468,GCA071ACB_TISSUE02
15,0.8560688133318468,3,3,0.7483569145669132,GCA071ACB_TISSUE02
13,0.8137573554765445,3,1,0.6859957018350591,GCA071ACB_TISSUE02
7,0.9114486917430071,1,2,0.8373043005225307,GCA071ACB_TISSUE03
16,0.9097043975539926,3,1,0.8343649149030132,GCA071ACB_TISSUE03
6,0.9024783542620594,1,1,0.822287521860455,GCA071ACB_TISSUE03
8,0.9000362158464448,1,3,0.8182416810559279,GCA071ACB_TISSUE03
3,0.8995994481182814,0,3,0.8175199899526939,GCA071ACB_TISSUE03
23,0.8915965704703432,4,3,0.8043971596593543,GCA071ACB_TISSUE03
9,0.8874979394684006,1,4,0.7977494792632721,GCA071ACB_TISSUE03
14,0.8810126445724888,2,4,0.78733029493072,GCA071ACB_TISSUE03
28,0.874763407791815,5,3,0.7774039822817735,GCA071ACB_TISSUE03
21,0.8694635348286042,4,1,0.769071641308614,GCA071ACB_TISSUE03
19,0.8642202130574224,3,4,0.7609047308227148,GCA071ACB_TISSUE03
24,0.8639446669613714,4,4,0.7604776297740378,GCA071ACB_TISSUE03
22,0.8441070629533695,4,2,0.7302640546538065,GCA071ACB_TISSUE03
10,0.6996227333576731,2,0,0.5380151985924456,GCA071ACB_TISSUE03
29,0.9046442967191666,4,1,0.8258908900638907,GCA071TIA
10,0.8994229063437461,1,3,0.8172284445388114,GCA071TIA
39,0.895863415332077,5,4,0.8113701038187358,GCA071TIA
11,0.8739409942443932,1,4,0.7761058610405255,GCA071TIA
9,0.8716625946953053,1,2,0.7725194526010796,GCA071TIA
3,0.8706045570672926,0,3,0.7708589250250459,GCA071TIA
40,0.8241674901117394,5,5,0.7009225235574241,GCA071TIA
17,0.8235186689674158,2,3,0.699984476799664,GCA071TIA
18,0.8159945077929518,2,4,0.6891813536032635,GCA071TIA
23,0.8084619398374452,3,2,0.6785028249346491,GCA071TIA
28,0.8052580753416996,4,0,0.6740016891698227,GCA071TIA
38,0.7941355497619099,5,3,0.6585612086044272,GCA071TIA
22,0.7925984332907539,3,1,0.6564497306815398,GCA071TIA
16,0.7857524999238823,2,2,0.6471106589674887,GCA071TIA
30,0.7220480715886898,4,2,0.5650040940791146,GCA071TIA
26,0.6871634401263238,3,5,0.5234188787311378,GCA071TIA
37,0.6683249807952591,5,2,0.5018679266014724,GCA071TIA
25,0.6314082032053505,3,4,0.4613561214411474,GCA071TIA
24,0.6236979673602582,3,3,0.45316940073394213,GCA071TIA
14,0.910524243763307,1,4,0.8357453009404019,GCA072ACB_TISSUE01
25,0.8999488500921663,2,5,0.8180972768107805,GCA072ACB_TISSUE01
23,0.8987726554769558,2,3,0.8161554105489688,GCA072ACB_TISSUE01
35,0.8942397934566191,3,5,0.8087104131301875,GCA072ACB_TISSUE01
26,0.8885499635335037,2,6,0.7994511083542425,GCA072ACB_TISSUE01
22,0.8807805270921514,2,2,0.7869596164224985,GCA072ACB_TISSUE01
33,0.8796506135554892,3,3,0.7851574019664597,GCA072ACB_TISSUE01
38,0.8787403110222786,3,8,0.7837081094241839,GCA072ACB_TISSUE01
15,0.8760627586508302,1,5,0.7794587868618073,GCA072ACB_TISSUE01
34,0.8746276401383895,3,4,0.77718955195056,GCA072ACB_TISSUE01
13,0.8723494793567604,1,3,0.7735991456458965,GCA072ACB_TISSUE01
49,0.8630459536910801,4,9,0.7590860479303693,GCA072ACB_TISSUE01
24,0.8622581961637873,2,4,0.7578680797843975,GCA072ACB_TISSUE01
28,0.8541792180340342,2,8,0.7454736652345041,GCA072ACB_TISSUE01
16,0.8491477678587782,1,6,0.7378425693096095,GCA072ACB_TISSUE01
39,0.8440865939290695,3,9,0.730233414973711,GCA072ACB_TISSUE01
31,0.8422446788005618,3,1,0.7274807235850089,GCA072ACB_TISSUE01
36,0.8387023501659855,3,6,0.7222113557931181,GCA072ACB_TISSUE01
59,0.8369717346307733,5,9,0.7196486616471525,GCA072ACB_TISSUE01
27,0.8367981961668546,2,7,0.7193921066914787,GCA072ACB_TISSUE01
44,0.8335760843981366,4,4,0.714642483961776,GCA072ACB_TISSUE01
40,0.8274770552971759,4,0,0.7057235502601614,GCA072ACB_TISSUE01
18,0.8239184590431001,1,8,0.7005623592839763,GCA072ACB_TISSUE01
48,0.8208839061163319,4,8,0.6961858212049139,GCA072ACB_TISSUE01
45,0.8207064272160276,4,5,0.69593055211738,GCA072ACB_TISSUE01
4,0.8180643530593523,0,4,0.6921395045295833,GCA072ACB_TISSUE01
43,0.8177667331852354,4,3,0.6917135189305794,GCA072ACB_TISSUE01
88,0.8148338241905907,8,8,0.6875270665179927,GCA072ACB_TISSUE01
58,0.8130196294028713,5,8,0.684947830260975,GCA072ACB_TISSUE01
30,0.8041963746034003,3,0,0.6725154176854757,GCA072ACB_TISSUE01
41,0.797749077857647,4,1,0.6635462391129606,GCA072ACB_TISSUE01
37,0.7968514653008304,3,7,0.6623051454740556,GCA072ACB_TISSUE01
12,0.7961332680813158,1,2,0.6613134551965433,GCA072ACB_TISSUE01
32,0.793843505441861,3,2,0.6581596244131456,GCA072ACB_TISSUE01
52,0.7785735156441005,5,2,0.6374296984846117,GCA072ACB_TISSUE01
69,0.7727777752023155,6,9,0.6296966919171569,GCA072ACB_TISSUE01
98,0.7670940294619859,9,8,0.6221837251118529,GCA072ACB_TISSUE01
54,0.7513034787925809,5,4,0.6016701945049969,GCA072ACB_TISSUE01
29,0.7486314953562868,2,9,0.5982502297110598,GCA072ACB_TISSUE01
68,0.7394719864391343,6,8,0.5866366938963933,GCA072ACB_TISSUE01
79,0.7368253853152877,7,9,0.5833123756205305,GCA072ACB_TISSUE01
89,0.5892957064863965,8,9,0.41773156089193825,GCA072ACB_TISSUE01
20,0.9236638207062079,1,8,0.8581555079865886,GCA072ACB_TISSUE02
6,0.8961995521844721,0,6,0.811921714616163,GCA072ACB_TISSUE02
13,0.8949700313448716,1,1,0.8099056647613737,GCA072ACB_TISSUE02
14,0.8946299159367127,1,2,0.809348768195441,GCA072ACB_TISSUE02
17,0.8940510828876725,1,5,0.8084017887752647,GCA072ACB_TISSUE02
5,0.894008107518633,0,5,0.8083315199651834,GCA072ACB_TISSUE02
18,0.8936126556386863,1,6,0.8076851748105849,GCA072ACB_TISSUE02
21,0.887615162196501,1,9,0.7979389254794005,GCA072ACB_TISSUE02
7,0.8863373159993229,0,7,0.7958759225147783,GCA072ACB_TISSUE02
25,0.8847782984425911,2,1,0.7933653884308357,GCA072ACB_TISSUE02
15,0.8840769623778163,1,3,0.7922382929396399,GCA072ACB_TISSUE02
41,0.8794441433590913,3,5,0.7848284743211299,GCA072ACB_TISSUE02
26,0.8778940354502744,2,2,0.7823628633883544,GCA072ACB_TISSUE02
29,0.8753973851245049,2,5,0.7784059662900752,GCA072ACB_TISSUE02
9,0.8685932003862936,0,9,0.7677107833211321,GCA072ACB_TISSUE02
16,0.8676827123285067,1,4,0.7662893799959697,GCA072ACB_TISSUE02
19,0.8673086460188886,1,7,0.7657060707407428,GCA072ACB_TISSUE02
4,0.859739806280096,0,4,0.7539856350464554,GCA072ACB_TISSUE02
3,0.8572105604138255,0,3,0.7501036767755199,GCA072ACB_TISSUE02
27,0.8484163460774634,2,3,0.7367387885261992,GCA072ACB_TISSUE02
10,0.8483454583386612,0,10,0.7366318871237776,GCA072ACB_TISSUE02
53,0.8431599440620802,4,5,0.7288474666262136,GCA072ACB_TISSUE02
24,0.8365102411603025,2,0,0.7189665700147814,GCA072ACB_TISSUE02
39,0.8343844967396118,3,3,0.7158316738287391,GCA072ACB_TISSUE02
8,0.8286666939171158,0,8,0.7074559304458802,GCA072ACB_TISSUE02
52,0.8267168832602158,4,4,0.7046184092015436,GCA072ACB_TISSUE02
12,0.8241614849756486,1,0,0.700913836759787,GCA072ACB_TISSUE02
38,0.813139283594622,3,2,0.6851176994528566,GCA072ACB_TISSUE02
37,0.8095893822422102,3,1,0.6800925413174832,GCA072ACB_TISSUE02
54,0.8074171212757029,4,6,0.6770322932519331,GCA072ACB_TISSUE02
33,0.8001630021815329,2,9,0.6668930893416207,GCA072ACB_TISSUE02
40,0.7840754043099643,3,4,0.6448388387645062,GCA072ACB_TISSUE02
51,0.7592720599480043,4,3,0.6119569290236062,GCA072ACB_TISSUE02
55,0.7383597619914096,4,7,0.5852379622552766,GCA072ACB_TISSUE02
51,0.9183235746453424,4,3,0.8489817778401193,GCA072TIB_TISSUE01
39,0.9130715449182704,3,3,0.840047512464483,GCA072TIB_TISSUE01
55,0.9122328421085973,4,7,0.8386287777587694,GCA072TIB_TISSUE01
52,0.9086994991948185,4,4,0.832675783181959,GCA072TIB_TISSUE01
53,0.8961783894864006,4,5,0.8118869760752518,GCA072TIB_TISSUE01
56,0.8932149276142664,4,8,0.807035575289152,GCA072TIB_TISSUE01
40,0.8919476588265853,3,4,0.8049688861105811,GCA072TIB_TISSUE01
44,0.8849609344207281,3,8,0.7936591297462602,GCA072TIB_TISSUE01
45,0.8802523176465814,3,9,0.7861166685306459,GCA072TIB_TISSUE01
54,0.8685994784476146,4,6,0.7677205922230056,GCA072TIB_TISSUE01
38,0.8660724575900512,3,2,0.7637811281568996,GCA072TIB_TISSUE01
65,0.8529346920237932,5,5,0.7435798869452735,GCA072TIB_TISSUE01
32,0.8501564694985159,2,8,0.739367093823396,GCA072TIB_TISSUE01
27,0.8477276905267028,2,3,0.7357008265816944,GCA072TIB_TISSUE01
41,0.8450336627105849,3,5,0.7316522009583329,GCA072TIB_TISSUE01
64,0.8430984546814222,5,4,0.7287555782884333,GCA072TIB_TISSUE01
66,0.8424154837182232,5,6,0.7277356183236682,GCA072TIB_TISSUE01
28,0.8145556306672055,2,4,0.6871310470061645,GCA072TIB_TISSUE01
46,0.802460649739285,3,10,0.6700912580155151,GCA072TIB_TISSUE01
26,0.8022205317994171,2,2,0.6697564560900249,GCA072TIB_TISSUE01
43,0.7662783357245337,3,7,0.6211111938076809,GCA072TIB_TISSUE01
63,0.743995888542607,5,3,0.592351475409836,GCA072TIB_TISSUE01
33,0.7233662223598463,2,9,0.5666199931643532,GCA072TIB_TISSUE01
25,0.6872840437243735,2,1,0.5235588403102086,GCA072TIB_TISSUE01
101,0.6801162396688127,8,5,0.5152849516825306,GCA072TIB_TISSUE01
83,0.6535738941381336,6,11,0.48541386065874864,GCA072TIB_TISSUE01
29,0.6448041432167653,2,5,0.4758014422707186,GCA072TIB_TISSUE01
47,0.6411271391220823,3,11,0.4718080385444402,GCA072TIB_TISSUE01
113,0.6375945165661763,9,5,0.4679917427806993,GCA072TIB_TISSUE01
103,0.6221221211842985,8,7,0.451507445434147,GCA072TIB_TISSUE01
71,0.6156491289944704,5,11,0.4447204403803285,GCA072TIB_TISSUE01
42,0.5650445771112765,3,6,0.3937715193784762,GCA072TIB_TISSUE01
37,0.5493797891846905,3,1,0.3787206224542508,GCA072TIB_TISSUE01
24,0.899303421987069,2,2,0.8170311782113162,GCA072TIB_TISSUE02
50,0.8979295448484192,4,6,0.8147660076096644,GCA072TIB_TISSUE02
61,0.8967549061630197,5,6,0.8128338038143387,GCA072TIB_TISSUE02
51,0.8923337743263103,4,7,0.805598070649475,GCA072TIB_TISSUE02
74,0.8875287928936432,6,8,0.7977993382877655,GCA072TIB_TISSUE02
62,0.887014506496188,5,7,0.7969686143022041,GCA072TIB_TISSUE02
75,0.8848439582909259,6,9,0.7934709809174554,GCA072TIB_TISSUE02
65,0.8824214170063089,5,10,0.7895833281294103,GCA072TIB_TISSUE02
23,0.8793498219599559,2,1,0.7846782512433013,GCA072TIB_TISSUE02
64,0.8792655916457041,5,9,0.784544121329184,GCA072TIB_TISSUE02
13,0.8783191912546962,1,2,0.7830384405320899,GCA072TIB_TISSUE02
53,0.8742402870833247,4,9,0.7765780539599331,GCA072TIB_TISSUE02
39,0.8721087043217262,3,6,0.7732205290202819,GCA072TIB_TISSUE02
58,0.8715339082545582,5,3,0.7723173205023143,GCA072TIB_TISSUE02
73,0.8688795561113563,6,7,0.7681582989732395,GCA072TIB_TISSUE02
40,0.8682978451099985,3,7,0.7672494404628882,GCA072TIB_TISSUE02
82,0.86741668678296,7,5,0.7658745071204617,GCA072TIB_TISSUE02
60,0.8669761650419122,5,5,0.7651879318796351,GCA072TIB_TISSUE02
25,0.8655656838018522,2,3,0.7629932129544877,GCA072TIB_TISSUE02
63,0.8640095768183725,5,8,0.760578222480517,GCA072TIB_TISSUE02
52,0.8621436061384521,4,8,0.7576910502849941,GCA072TIB_TISSUE02
15,0.8557617947478221,1,4,0.7478878006518069,GCA072TIB_TISSUE02
42,0.8541891937168947,3,9,0.7454888617151364,GCA072TIB_TISSUE02
14,0.851055908930945,1,3,0.7407287400199475,GCA072TIB_TISSUE02
54,0.8477481187675429,4,10,0.7357315987722972,GCA072TIB_TISSUE02
86,0.8474214870202239,7,9,0.7352397059957105,GCA072TIB_TISSUE02
85,0.8472038833408807,7,8,0.734912159312381,GCA072TIB_TISSUE02
84,0.8439336415246209,7,7,0.730004497871213,GCA072TIB_TISSUE02
43,0.8436398408440774,3,10,0.7295649492627684,GCA072TIB_TISSUE02
28,0.8377684475519652,2,6,0.7208274855276081,GCA072TIB_TISSUE02
47,0.8361658441698786,4,3,0.7184579005360702,GCA072TIB_TISSUE02
70,0.8349457973538936,6,4,0.7166583283915371,GCA072TIB_TISSUE02
57,0.8335097396882294,5,2,0.7145449628233118,GCA072TIB_TISSUE02
12,0.8325009176506494,1,1,0.7130634449625548,GCA072TIB_TISSUE02
35,0.8318152272382184,3,2,0.7120579266511666,GCA072TIB_TISSUE02
41,0.830719102997145,3,8,0.7104529845022489,GCA072TIB_TISSUE02
16,0.8297061898110031,1,5,0.7089725525225238,GCA072TIB_TISSUE02
76,0.8280056756813995,6,10,0.7064929057252929,GCA072TIB_TISSUE02
32,0.8216852176061408,2,10,0.6973393102451015,GCA072TIB_TISSUE02
96,0.8195516609870876,8,8,0.6942715186268926,GCA072TIB_TISSUE02
83,0.8054145926326433,7,6,0.6742210206699466,GCA072TIB_TISSUE02
30,0.8019313133685981,2,8,0.6693533704009748,GCA072TIB_TISSUE02
26,0.7978846525440104,2,4,0.6637338540203785,GCA072TIB_TISSUE02
95,0.7945599301129708,8,7,0.6591451121974359,GCA072TIB_TISSUE02
34,0.7875232931327638,3,1,0.6495162246601378,GCA072TIB_TISSUE02
17,0.7764479354667425,1,6,0.6345851214455106,GCA072TIB_TISSUE02
29,0.7732039719475257,2,7,0.6302628589163096,GCA072TIB_TISSUE02
31,0.7703320296408303,2,9,0.6264553100588824,GCA072TIB_TISSUE02
4,0.7679806736663944,0,4,0.6233511579334113,GCA072TIB_TISSUE02
87,0.7641620857088698,7,10,0.6183352014630406,GCA072TIB_TISSUE02
22,0.7496858962738859,2,0,0.5995980482342119,GCA072TIB_TISSUE02
27,0.6672518458587123,2,5,0.5006586156471805,GCA072TIB_TISSUE02
138,0.6077500714812418,9,12,0.43652368661123864,GCA075ACB_TISSUE01
151,0.6001898224575261,10,11,0.42876515122302344,GCA075ACB_TISSUE01
18,0.5881064676429519,1,4,0.41653740467324984,GCA075ACB_TISSUE01
46,0.5738768435044865,3,4,0.4024034256022488,GCA075ACB_TISSUE01
118,0.5694246878457405,8,6,0.39803894489711367,GCA075ACB_TISSUE01
108,0.5443733471363253,7,10,0.3739786888797152,GCA075ACB_TISSUE01
43,0.5385254719880931,3,1,0.3684809154495956,GCA075ACB_TISSUE01
32,0.5374200020150074,2,4,0.36744656890933486,GCA075ACB_TISSUE01
119,0.5323093365708593,8,7,0.36268496477804224,GCA075ACB_TISSUE01
3,0.5309114740424644,0,3,0.3613883470340375,GCA075ACB_TISSUE01
117,0.5306885258035268,8,5,0.36118177467697654,GCA075ACB_TISSUE01
29,0.52259191695417,2,1,0.35372211845273815,GCA075ACB_TISSUE01
110,0.5212194562110052,7,12,0.35246572481641825,GCA075ACB_TISSUE01
17,0.5080255830427888,1,3,0.34050555912270625,GCA075ACB_TISSUE01
124,0.5070751569430882,8,12,0.3396521662167544,GCA075ACB_TISSUE01
30,0.5061685971197676,2,2,0.3388391729775074,GCA075ACB_TISSUE01
137,0.5019043063496432,9,11,0.33502820178774484,GCA075ACB_TISSUE01
109,0.49516226970542127,7,11,0.3290469528621475,GCA075ACB_TISSUE01
15,0.47981612788914685,1,1,0.31563032386529505,GCA075ACB_TISSUE01
16,0.4671276207519056,1,2,0.3047400599527022,GCA075ACB_TISSUE01
104,0.45689614838766696,7,6,0.2960890467030283,GCA075ACB_TISSUE01
125,0.45428530222178365,8,13,0.2938998399088561,GCA075ACB_TISSUE01
136,0.4528815775138904,9,10,0.2927258643757482,GCA075ACB_TISSUE01
133,0.4425673159147724,9,7,0.2841646515044844,GCA075ACB_TISSUE01
135,0.43660529530992886,9,9,0.27926747736841157,GCA075ACB_TISSUE01
88,0.42399386587499754,6,4,0.26903059365971227,GCA075ACB_TISSUE01
31,0.4232039217438276,2,3,0.2683948340433862,GCA075ACB_TISSUE01
89,0.40048016917218515,6,5,0.25037524477887896,GCA075ACB_TISSUE01
44,0.3590564190252821,3,2,0.21881094706010745,GCA075ACB_TISSUE01
49,0.9133045995800342,5,4,0.8404421323832577,GCA075ACB_TISSUE02
96,0.9091512965594043,10,6,0.8334348234470023,GCA075ACB_TISSUE02
47,0.9077973407515028,5,2,0.8311619945845246,GCA075ACB_TISSUE02
85,0.9074502777280057,9,4,0.830580301499626,GCA075ACB_TISSUE02
48,0.9053130487601443,5,3,0.8270063397894492,GCA075ACB_TISSUE02
76,0.9040166983264846,8,4,0.8248453210428418,GCA075ACB_TISSUE02
68,0.9034399568209288,7,5,0.8238855340759436,GCA075ACB_TISSUE02
77,0.8987231191703227,8,5,0.8160737184396759,GCA075ACB_TISSUE02
50,0.897110841386425,5,5,0.813418859347724,GCA075ACB_TISSUE02
67,0.896513781096935,7,4,0.8124376777338701,GCA075ACB_TISSUE02
75,0.8964643373794527,8,3,0.8123564717887181,GCA075ACB_TISSUE02
58,0.8918407581581149,6,4,0.8047947663873428,GCA075ACB_TISSUE02
78,0.889114096649446,8,6,0.8003649105347184,GCA075ACB_TISSUE02
40,0.8889838827548164,4,4,0.8001539032206784,GCA075ACB_TISSUE02
57,0.8888143152516319,6,3,0.7998791988153691,GCA075ACB_TISSUE02
86,0.887455936525928,9,5,0.7976816071039242,GCA075ACB_TISSUE02
66,0.8830079341660929,7,3,0.7905230137036562,GCA075ACB_TISSUE02
59,0.8822535033639084,6,5,0.7893144876938466,GCA075ACB_TISSUE02
95,0.8821176983121605,10,5,0.7890971142313382,GCA075ACB_TISSUE02
39,0.8783819661402057,4,3,0.7831382338936307,GCA075ACB_TISSUE02
87,0.8781420418068813,9,6,0.7827568859262986,GCA075ACB_TISSUE02
69,0.8727267899990375,7,6,0.7741927886304443,GCA075ACB_TISSUE02
97,0.8714379700848068,10,7,0.7721666572020784,GCA075ACB_TISSUE02
88,0.8642783335967227,9,7,0.7609948450959908,GCA075ACB_TISSUE02
70,0.863072809637173,7,7,0.7591276002131158,GCA075ACB_TISSUE02
38,0.8598753449964113,4,2,0.7541941499315307,GCA075ACB_TISSUE02
84,0.8576839038601602,9,3,0.7508288701861769,GCA075ACB_TISSUE02
60,0.8576133734555426,6,6,0.7507207748480829,GCA075ACB_TISSUE02
46,0.8561742611984274,5,1,0.7485180934077178,GCA075ACB_TISSUE02
56,0.8517121316276288,6,2,0.7417235303851807,GCA075ACB_TISSUE02
79,0.8508904065870939,8,7,0.7404780287839317,GCA075ACB_TISSUE02
23,0.8431343259864291,2,5,0.7288091823671299,GCA075ACB_TISSUE02
30,0.8401353195102751,3,3,0.7243390833795786,GCA075ACB_TISSUE02
22,0.833912102466364,2,4,0.7151365726633054,GCA075ACB_TISSUE02
51,0.8325311732026547,5,6,0.7131078398782543,GCA075ACB_TISSUE02
31,0.8306262188749178,3,4,0.7103171221059469,GCA075ACB_TISSUE02
55,0.827902140735746,6,1,0.7063421660503966,GCA075ACB_TISSUE02
29,0.8278551880305072,3,2,0.7062738149559404,GCA075ACB_TISSUE02
61,0.8276141530589993,6,7,0.705923016060299,GCA075ACB_TISSUE02
13,0.8210340020499504,1,4,0.6964017651718025,GCA075ACB_TISSUE02
105,0.8167153312783412,11,6,0.6902103550117533,GCA075ACB_TISSUE02
21,0.8144790515980523,2,3,0.6870220662873563,GCA075ACB_TISSUE02
80,0.8123166585721224,8,8,0.6839505365087674,GCA075ACB_TISSUE02
32,0.811871472083329,3,5,0.6833195677128538,GCA075ACB_TISSUE02
65,0.8056375360884631,7,2,0.6745335360339442,GCA075ACB_TISSUE02
89,0.8011670209608627,9,8,0.668289106963838,GCA075ACB_TISSUE02
94,0.7926153505612022,10,4,0.6564729400275351,GCA075ACB_TISSUE02
106,0.7853076372552193,11,7,0.646507429651322,GCA075ACB_TISSUE02
37,0.7801983915738241,4,1,0.6396108893317981,GCA075ACB_TISSUE02
74,0.77347812175026,8,2,0.6306272521237221,GCA075ACB_TISSUE02
124,0.7719962373228628,13,7,0.628659504788369,GCA075ACB_TISSUE02
107,0.7649805831883089,11,8,0.619407737866318,GCA075ACB_TISSUE02
104,0.7637767659084732,11,5,0.6178307807568072,GCA075ACB_TISSUE02
45,0.7619656706316787,5,0,0.6154640889646852,GCA075ACB_TISSUE02
12,0.7404413451392393,1,3,0.5878577724680017,GCA075ACB_TISSUE02
98,0.7351498858816705,10,8,0.5812150211917486,GCA075ACB_TISSUE02
114,0.72883814192131,12,6,0.5733637595317087,GCA075ACB_TISSUE02
20,0.7093292174472807,2,2,0.5495818353029985,GCA075ACB_TISSUE02
41,0.7010408230600798,4,5,0.5396942686925599,GCA075ACB_TISSUE02
115,0.7009204915801889,12,7,0.5395516494850899,GCA075ACB_TISSUE02
28,0.6599385490517662,3,1,0.4924688704273901,GCA075ACB_TISSUE02
103,0.5940420524184209,11,4,0.42251765313482276,GCA075ACB_TISSUE02
11,0.5921541350768589,1,2,0.42061006096657216,GCA075ACB_TISSUE02
17,0.8955488518130887,2,3,0.8108541996477068,GCA075TIB_TISSUE01
30,0.8537084481397335,4,2,0.7447568175428733,GCA075TIB_TISSUE01
24,0.8462667479207258,3,3,0.7335029534734931,GCA075TIB_TISSUE01
39,0.8320060402322613,5,4,0.7123376223604014,GCA075TIB_TISSUE01
25,0.8316027003492477,3,4,0.7117465100251631,GCA075TIB_TISSUE01
10,0.8299478336716037,1,3,0.7093254963801878,GCA075TIB_TISSUE01
46,0.8257428070787599,6,4,0.7032043849137778,GCA075TIB_TISSUE01
38,0.8037670382540445,5,3,0.6719151402423409,GCA075TIB_TISSUE01
23,0.7949148032349111,3,2,0.6596336967450663,GCA075TIB_TISSUE01
18,0.7918476508412208,2,4,0.6554203626658294,GCA075TIB_TISSUE01
45,0.7747873700345178,6,3,0.6323697218631722,GCA075TIB_TISSUE01
53,0.7677437157673324,7,4,0.6230389940720898,GCA075TIB_TISSUE01
52,0.7475479937496512,7,3,0.5968675765770031,GCA075TIB_TISSUE01
37,0.7332329947536537,5,2,0.5788223025362608,GCA075TIB_TISSUE01
47,0.7087568280187476,6,5,0.5488949280802379,GCA075TIB_TISSUE01
26,0.6576196820246866,3,5,0.4898907360445822,GCA075TIB_TISSUE01
32,0.6061869797658523,4,4,0.4349126970158584,GCA075TIB_TISSUE01
19,0.5952397014934963,2,5,0.4237304415040318,GCA075TIB_TISSUE01
48,0.8799827096434208,2,14,0.7856867186070505,GCA075TIB_TISSUE02
38,0.8752179556555293,2,4,0.7781222682707486,GCA075TIB_TISSUE02
50,0.8712221354195445,2,16,0.7718277995674203,GCA075TIB_TISSUE02
49,0.8568523137569553,2,15,0.7495552185151164,GCA075TIB_TISSUE02
64,0.8563711102679686,3,13,0.7488190600611957,GCA075TIB_TISSUE02
47,0.8546161215349809,2,13,0.746139471318813,GCA075TIB_TISSUE02
44,0.8422892801557855,2,10,0.7275472756001835,GCA075TIB_TISSUE02
65,0.8391625136028105,3,14,0.7228940514380361,GCA075TIB_TISSUE02
67,0.8296576419269227,3,16,0.7089016612992812,GCA075TIB_TISSUE02
28,0.823657986611492,1,11,0.7001858109606294,GCA075TIB_TISSUE02
81,0.8208580954624187,4,13,0.6961486927939609,GCA075TIB_TISSUE02
37,0.8163442213475282,2,3,0.6896804257373643,GCA075TIB_TISSUE02
36,0.8140714411529585,2,2,0.6864422271307792,GCA075TIB_TISSUE02
30,0.8130097485522494,1,13,0.6849338042672516,GCA075TIB_TISSUE02
42,0.7926849025057371,2,8,0.656568367405431,GCA075TIB_TISSUE02
29,0.7876433637782886,1,12,0.649679591174562,GCA075TIB_TISSUE02
59,0.7778645349480046,3,8,0.6364797988371204,GCA075TIB_TISSUE02
58,0.7727379951936545,3,7,0.6296438675420313,GCA075TIB_TISSUE02
22,0.7710071794871795,1,5,0.6273488067777826,GCA075TIB_TISSUE02
45,0.7584457029605911,2,11,0.6108840384743294,GCA075TIB_TISSUE02
63,0.7534937465026199,3,12,0.6044845297715176,GCA075TIB_TISSUE02
66,0.7487597067974436,3,15,0.5984139983863443,GCA075TIB_TISSUE02
43,0.7472428154935443,2,9,0.5964785712148464,GCA075TIB_TISSUE02
35,0.7412473381566694,2,1,0.5888744950665519,GCA075TIB_TISSUE02
53,0.7355319144203758,3,2,0.5816927471785202,GCA075TIB_TISSUE02
62,0.7334899063907234,3,11,0.5791425667208365,GCA075TIB_TISSUE02
60,0.716451543306062,3,9,0.5581803628601921,GCA075TIB_TISSUE02
40,0.7136729777085564,2,6,0.5548145730758498,GCA075TIB_TISSUE02
82,0.7048239569680393,4,14,0.5441916261190808,GCA075TIB_TISSUE02
21,0.701818113940118,1,4,0.540616165944365,GCA075TIB_TISSUE02
41,0.6973791302280868,2,7,0.535366157883066,GCA075TIB_TISSUE02
76,0.6948466061499654,4,8,0.5323869281757428,GCA075TIB_TISSUE02
39,0.6916617891579564,2,5,0.528656721500784,GCA075TIB_TISSUE02
80,0.6867406373766731,4,12,0.5229284153016514,GCA075TIB_TISSUE02
78,0.6745205542565568,4,10,0.5088879774202967,GCA075TIB_TISSUE02
61,0.6740975796691102,3,10,0.5084066288233214,GCA075TIB_TISSUE02
20,0.6683451939664481,1,3,0.5018907234354312,GCA075TIB_TISSUE02
26,0.6092319730007447,1,9,0.438054342042385,GCA075TIB_TISSUE02
75,0.6049835034144095,4,7,0.43367480233757305,GCA075TIB_TISSUE02
18,0.9346998885617479,2,4,0.8774052293112202,GCA077ACB_TISSUE01
11,0.9302364904534887,1,4,0.8695720896741278,GCA077ACB_TISSUE01
17,0.9277035052877579,2,3,0.8651557753499075,GCA077ACB_TISSUE01
25,0.9141679017168968,3,4,0.8419053950996305,GCA077ACB_TISSUE01
19,0.909984998360406,2,5,0.8348371325088297,GCA077ACB_TISSUE01
26,0.9081432390607028,3,5,0.8317421034966619,GCA077ACB_TISSUE01
24,0.903902872693464,3,3,0.8246558176050007,GCA077ACB_TISSUE01
10,0.8992346764413529,1,3,0.8169177000727376,GCA077ACB_TISSUE01
16,0.8912184677976769,2,2,0.8037818469320007,GCA077ACB_TISSUE01
23,0.8868221956652143,3,2,0.796658172856009,GCA077ACB_TISSUE01
32,0.8651575142733725,4,4,0.7623591160489743,GCA077ACB_TISSUE01
33,0.8651227240990386,4,5,0.7623050901360512,GCA077ACB_TISSUE01
12,0.8597019153543277,1,5,0.753927351918218,GCA077ACB_TISSUE01
27,0.8476385484258592,3,6,0.7355665596657835,GCA077ACB_TISSUE01
31,0.8409081520526781,4,3,0.7254887984432581,GCA077ACB_TISSUE01
14,0.8243301924239881,2,0,0.7011579162040289,GCA077ACB_TISSUE01
22,0.8026077933868889,3,1,0.6702964901175602,GCA077ACB_TISSUE01
30,0.7898290807053715,4,2,0.6526591146031988,GCA077ACB_TISSUE01
33,0.9589344962745254,5,3,0.9211087033841371,GCA077ACB_TISSUE02
32,0.9480404682741367,5,2,0.9012138201920797,GCA077ACB_TISSUE02
34,0.9403666761477311,5,4,0.8874453596165255,GCA077ACB_TISSUE02
16,0.9375000925036521,2,4,0.8823531050583875,GCA077ACB_TISSUE02
25,0.9369171015585861,4,1,0.8813208291961054,GCA077ACB_TISSUE02
11,0.9309351963882861,1,5,0.8707939810975232,GCA077ACB_TISSUE02
19,0.9292780389489632,3,1,0.8678985514005615,GCA077ACB_TISSUE02
26,0.9267750837115757,4,2,0.8635422730555662,GCA077ACB_TISSUE02
17,0.9226684660134691,2,5,0.856438744161929,GCA077ACB_TISSUE02
27,0.9202353351729124,4,3,0.8522554637591128,GCA077ACB_TISSUE02
29,0.9171263657856062,4,5,0.8469375712993195,GCA077ACB_TISSUE02
31,0.9165265885237456,5,1,0.8459151639678537,GCA077ACB_TISSUE02
10,0.913398924438056,1,4,0.8406018961150806,GCA077ACB_TISSUE02
38,0.9093624944419743,6,2,0.8337898612579786,GCA077ACB_TISSUE02
14,0.9088943727326415,2,2,0.8330031025584025,GCA077ACB_TISSUE02
39,0.9083444039007071,6,3,0.832079647781229,GCA077ACB_TISSUE02
21,0.907965530366677,3,3,0.8314440208755943,GCA077ACB_TISSUE02
23,0.8934910889908804,3,5,0.807486573403218,GCA077ACB_TISSUE02
35,0.8907165403715851,5,5,0.8029656735979416,GCA077ACB_TISSUE02
20,0.8894272777821908,3,2,0.8008726128317002,GCA077ACB_TISSUE02
15,0.8881495054460951,2,3,0.7988029953635423,GCA077ACB_TISSUE02
28,0.885626394777609,4,4,0.794730232865546,GCA077ACB_TISSUE02
5,0.8836131914815697,0,5,0.7914937589187593,GCA077ACB_TISSUE02
22,0.8765468228015784,3,4,0.7802255052475272,GCA077ACB_TISSUE02
9,0.8756005680950618,1,3,0.7787273305640455,GCA077ACB_TISSUE02
13,0.8754017909131101,2,1,0.7784129334723793,GCA077ACB_TISSUE02
40,0.8739871609792057,6,4,0.7761786817095658,GCA077ACB_TISSUE02
4,0.8690671768284154,0,4,0.7684516348117001,GCA077ACB_TISSUE02
8,0.8582778275284064,1,2,0.7517396510487412,GCA077ACB_TISSUE02
18,0.8467848086564332,3,0,0.7342816978242168,GCA077ACB_TISSUE02
24,0.840092926609474,4,0,0.7242760613173926,GCA077ACB_TISSUE02
34,0.8285783657886139,5,4,0.7073271839873624,GCA077TIA
17,0.8089384464559359,2,5,0.6791743416189521,GCA077TIA
33,0.8062045912540139,5,3,0.6753289427548442,GCA077TIA
10,0.8051635936351708,1,4,0.6738693174614596,GCA077TIA
16,0.8004340729785195,2,4,0.6672697639603649,GCA077TIA
23,0.7920333631877613,3,5,0.6556748663836414,GCA077TIA
9,0.7918809066879097,1,3,0.6554659313569386,GCA077TIA
29,0.786187935964792,4,5,0.6477015340836055,GCA077TIA
14,0.7854599849069467,2,2,0.6467139617847567,GCA077TIA
7,0.7793398836664298,1,1,0.6384577272888133,GCA077TIA
2,0.7778026252481923,0,2,0.6363969039011732,GCA077TIA
15,0.7650933418804936,2,3,0.6195556051544526,GCA077TIA
32,0.7641797433391752,5,2,0.6183583245382155,GCA077TIA
13,0.7624577826081875,2,1,0.6161064825853851,GCA077TIA
31,0.7609743851815989,5,1,0.6141716329998003,GCA077TIA
8,0.760418883654726,1,2,0.6134482637947175,GCA077TIA
37,0.7541847683852395,6,1,0.6053744963510397,GCA077TIA
28,0.7502949507690467,4,4,0.6003776260892641,GCA077TIA
40,0.7294691288246261,6,4,0.5741451430847885,GCA077TIA
25,0.7266195055250736,4,1,0.5706224562711654,GCA077TIA
18,0.7262029449818249,3,0,0.5701088270858525,GCA077TIA
12,0.7130483642853266,2,0,0.5540599541562062,GCA077TIA
22,0.6738723116796077,3,4,0.5081503972917577,GCA077TIA
21,0.6497782514946584,3,3,0.48123817603585867,GCA077TIA
27,0.6265211215923756,4,3,0.45615635700109775,GCA077TIA
1,0.8026077678731548,0,1,0.6702964545273006,GCA081ACB_TISSUE01
23,0.7790523583562173,4,3,0.6380718810409969,GCA081ACB_TISSUE01
28,0.7421096440793536,5,3,0.589963696427425,GCA081ACB_TISSUE01
6,0.7285735888376365,1,1,0.5730363805889165,GCA081ACB_TISSUE01
11,0.72798819723152,2,1,0.5723124546856282,GCA081ACB_TISSUE01
26,0.7267265042344778,5,1,0.5707544425069122,GCA081ACB_TISSUE01
32,0.7172920865266557,6,2,0.55920141989641,GCA081ACB_TISSUE01
33,0.7162204229227263,6,3,0.557899841772927,GCA081ACB_TISSUE01
16,0.7081277416217189,3,1,0.5481406826636629,GCA081ACB_TISSUE01
12,0.6855158752339197,2,2,0.5215094365296431,GCA081ACB_TISSUE01
31,0.667384082407973,6,1,0.5008075272085178,GCA081ACB_TISSUE01
29,0.6587427667546848,5,4,0.4911382771526877,GCA081ACB_TISSUE01
27,0.5729564973398842,5,2,0.4014989706143158,GCA081ACB_TISSUE01
22,0.5711482914600251,4,2,0.3997253795102601,GCA081ACB_TISSUE01
17,0.5596321178016311,3,2,0.38853415486291587,GCA081ACB_TISSUE01
21,0.5246860532808472,4,1,0.3556436610984799,GCA081ACB_TISSUE01
24,0.4711073896183273,4,4,0.30813635072820456,GCA081ACB_TISSUE01
20,0.4005996412860164,4,0,0.25046864539165364,GCA081ACB_TISSUE01
85,0.915653297245175,10,5,0.8444285346364978,GCA081ACB_TISSUE02
91,0.8982668820724352,11,3,0.8153216667954364,GCA081ACB_TISSUE02
93,0.8946715598600299,11,5,0.809416936514124,GCA081ACB_TISSUE02
77,0.8934765657118745,9,5,0.8074628498823314,GCA081ACB_TISSUE02
76,0.8841831991231536,9,4,0.7924089316708017,GCA081ACB_TISSUE02
99,0.8802586801848082,12,3,0.7861268175136119,GCA081ACB_TISSUE02
84,0.879532715400021,10,4,0.7849695635817027,GCA081ACB_TISSUE02
92,0.8786104879763273,11,4,0.7835016098828823,GCA081ACB_TISSUE02
108,0.8773592392366817,13,4,0.7815137931034483,GCA081ACB_TISSUE02
102,0.876147185147752,12,6,0.7795924640389307,GCA081ACB_TISSUE02
69,0.8726370261800819,8,5,0.7740515223976786,GCA081ACB_TISSUE02
11,0.8688935096473999,1,3,0.7681801112966291,GCA081ACB_TISSUE02
107,0.8635981333767432,13,3,0.7599407909658473,GCA081ACB_TISSUE02
60,0.8546836188191963,7,4,0.7462423770958645,GCA081ACB_TISSUE02
44,0.8538151587640869,5,4,0.7449192556441694,GCA081ACB_TISSUE02
19,0.8484279784162372,2,3,0.7367563317919013,GCA081ACB_TISSUE02
94,0.846498712487772,11,6,0.733851554091827,GCA081ACB_TISSUE02
83,0.8447455696910434,10,3,0.731220368023283,GCA081ACB_TISSUE02
86,0.8426234401538354,10,6,0.7280460563896634,GCA081ACB_TISSUE02
36,0.8367940109152213,4,4,0.7193859202647491,GCA081ACB_TISSUE02
66,0.8360368819364895,8,2,0.7182675026055868,GCA081ACB_TISSUE02
33,0.8355757908012125,4,1,0.7175870994438979,GCA081ACB_TISSUE02
100,0.8316913893055264,12,4,0.7118764525848587,GCA081ACB_TISSUE02
32,0.8283589028358903,4,0,0.7070073803666376,GCA081ACB_TISSUE02
110,0.8278621093794021,13,6,0.7062838903203477,GCA081ACB_TISSUE02
111,0.827083329200826,13,7,0.705150970901699,GCA081ACB_TISSUE02
24,0.8250973084525561,3,0,0.7022686341503184,GCA081ACB_TISSUE02
61,0.8178363899825822,7,5,0.6918132000108956,GCA081ACB_TISSUE02
27,0.8130929574373723,3,3,0.6850519276402971,GCA081ACB_TISSUE02
90,0.8065795720827654,11,2,0.6758553425220092,GCA081ACB_TISSUE02
101,0.8057709428961862,12,5,0.674720597445772,GCA081ACB_TISSUE02
116,0.8046210047119987,14,4,0.673109539220356,GCA081ACB_TISSUE02
82,0.800135321061959,10,2,0.6668546337826455,GCA081ACB_TISSUE02
118,0.7945271109675047,14,6,0.6590999417707245,GCA081ACB_TISSUE02
117,0.7925100969793707,14,5,0.6563285498262516,GCA081ACB_TISSUE02
74,0.7858406925350234,9,2,0.6472302997666487,GCA081ACB_TISSUE02
119,0.7854360133565377,14,7,0.6466814609966728,GCA081ACB_TISSUE02
109,0.7786205419457759,13,5,0.6374927438080495,GCA081ACB_TISSUE02
28,0.7719406283429987,3,4,0.628585755834778,GCA081ACB_TISSUE02
124,0.7684050805350556,15,4,0.6239105637662767,GCA081ACB_TISSUE02
52,0.7483759514854871,6,4,0.597923915231331,GCA081ACB_TISSUE02
125,0.7314526364370602,15,5,0.5766064850607122,GCA081ACB_TISSUE02
127,0.6465568744152492,15,7,0.47771262950994436,GCA081ACB_TISSUE02
17,0.7999024238795378,3,2,0.6665311552960308,GCA081TIB_TISSUE01
22,0.7851573708583152,4,2,0.646303769742627,GCA081TIB_TISSUE01
28,0.7516398206066908,5,3,0.6021017275414698,GCA081TIB_TISSUE01
11,0.7217395162095316,2,1,0.5646263225389972,GCA081TIB_TISSUE01
23,0.6720044968078414,4,3,0.5060291960270316,GCA081TIB_TISSUE01
18,0.5750081309991318,3,3,0.4035167803464719,GCA081TIB_TISSUE01
16,0.5742698659870245,3,1,0.40279001775086143,GCA081TIB_TISSUE01
5,0.4379204570886926,1,0,0.2803445311578202,GCA081TIB_TISSUE01
6,0.4187121324249094,1,1,0.26479184531214145,GCA081TIB_TISSUE01
100,0.9063538163311436,6,10,0.8287450090033665,GCA081TIB_TISSUE02
56,0.9059757850548161,3,11,0.8281131008605784,GCA081TIB_TISSUE02
85,0.8985773845778399,5,10,0.8158334248779043,GCA081TIB_TISSUE02
102,0.8958409511867895,6,12,0.8113332514456784,GCA081TIB_TISSUE02
117,0.8955299505358273,7,12,0.8108232097106558,GCA081TIB_TISSUE02
115,0.8941691580816787,7,10,0.8085948810493782,GCA081TIB_TISSUE02
116,0.8933994770834416,7,11,0.8073369373880253,GCA081TIB_TISSUE02
86,0.8927171746446717,5,11,0.8062232649171613,GCA081TIB_TISSUE02
101,0.8844600969229597,6,11,0.7928538409816775,GCA081TIB_TISSUE02
131,0.8820641509158685,8,11,0.7890114192495922,GCA081TIB_TISSUE02
160,0.878836171512866,10,10,0.7838606180318375,GCA081TIB_TISSUE02
145,0.8733105593690117,9,10,0.775112047628604,GCA081TIB_TISSUE02
159,0.870673171832257,10,9,0.7709665175003996,GCA081TIB_TISSUE02
88,0.8702876638315672,5,13,0.7703621851056895,GCA081TIB_TISSUE02
144,0.8699431793355915,9,9,0.7698225110699433,GCA081TIB_TISSUE02
132,0.8691278831524784,8,12,0.7685465670294398,GCA081TIB_TISSUE02
87,0.8663226405795952,5,12,0.7641703641523764,GCA081TIB_TISSUE02
71,0.8630731243339232,4,11,0.7591280871325042,GCA081TIB_TISSUE02
57,0.8619550867632803,3,12,0.7573998853101405,GCA081TIB_TISSUE02
73,0.8603256107499341,4,13,0.7548872018753091,GCA081TIB_TISSUE02
58,0.8596780872380358,3,13,0.7538907019297881,GCA081TIB_TISSUE02
130,0.858972439286884,8,10,0.752806039803321,GCA081TIB_TISSUE02
103,0.857679738853401,6,13,0.7508224864999844,GCA081TIB_TISSUE02
70,0.857585874209406,4,10,0.7506786329483837,GCA081TIB_TISSUE02
147,0.8547283385471011,9,12,0.7463105630875273,GCA081TIB_TISSUE02
161,0.8529295041670124,10,11,0.7435720012549238,GCA081TIB_TISSUE02
146,0.8489613072555329,9,11,0.737561050385996,GCA081TIB_TISSUE02
133,0.8380792426902817,8,13,0.7212877792378449,GCA081TIB_TISSUE02
114,0.8362182260184223,7,9,0.7185352483717959,GCA081TIB_TISSUE02
175,0.8319476926180142,11,10,0.712252086109654,GCA081TIB_TISSUE02
72,0.8297569733397016,4,12,0.7090467146022702,GCA081TIB_TISSUE02
174,0.8249822180357177,11,9,0.7021019006679128,GCA081TIB_TISSUE02
162,0.8243246965748632,10,12,0.7011499639171876,GCA081TIB_TISSUE02
129,0.8213055618303295,8,9,0.6967925997052211,GCA081TIB_TISSUE02
158,0.8170262810254648,10,8,0.6906546340976254,GCA081TIB_TISSUE02
99,0.8163822625636917,6,9,0.6897347316980555,GCA081TIB_TISSUE02
143,0.8079767090890838,9,8,0.6778195654815159,GCA081TIB_TISSUE02
43,0.806026932289207,2,13,0.6750796597402352,GCA081TIB_TISSUE02
148,0.8019808687993621,9,13,0.6694224223244484,GCA081TIB_TISSUE02
173,0.7945974140699122,11,8,0.6591967060173523,GCA081TIB_TISSUE02
84,0.7903458288181668,5,9,0.6533651085136162,GCA081TIB_TISSUE02
157,0.7821296619031022,10,7,0.6422109459741792,GCA081TIB_TISSUE02
113,0.7778856118774012,7,8,0.6365080220292489,GCA081TIB_TISSUE02
118,0.7730295562304643,7,13,0.6300311145682853,GCA081TIB_TISSUE02
176,0.7664026623861518,11,11,0.6212745755990421,GCA081TIB_TISSUE02
89,0.763014550379002,5,14,0.616833892923141,GCA081TIB_TISSUE02
36,0.7582386650308833,2,6,0.610615456994996,GCA081TIB_TISSUE02
188,0.7511648499427045,12,8,0.6014923986630595,GCA081TIB_TISSUE02
142,0.7491127103808881,9,7,0.5988650748933493,GCA081TIB_TISSUE02
119,0.7464624215725537,7,14,0.5954846782567025,GCA081TIB_TISSUE02
163,0.735050026065406,10,13,0.5810901942462215,GCA081TIB_TISSUE02
189,0.7340074977420167,12,9,0.5797881870807802,GCA081TIB_TISSUE02
172,0.7317293681198656,11,7,0.576950494418625,GCA081TIB_TISSUE02
156,0.7275181883456456,10,6,0.5717316991743865,GCA081TIB_TISSUE02
177,0.7222989924467044,11,12,0.5653114368516108,GCA081TIB_TISSUE02
34,0.7215051861381362,2,4,0.564339548596786,GCA081TIB_TISSUE02
134,0.7210220171044524,8,14,0.5637485764001123,GCA081TIB_TISSUE02
33,0.7090814168532267,2,3,0.5492843825400308,GCA081TIB_TISSUE02
48,0.7078271516235695,3,3,0.5477805484869375,GCA081TIB_TISSUE02
98,0.6956689399078801,6,8,0.533353042945054,GCA081TIB_TISSUE02
17,0.6705199774195572,1,2,0.5043475389108271,GCA081TIB_TISSUE02
52,0.6662069957612721,3,7,0.4994830484521206,GCA081TIB_TISSUE02
171,0.6557306608725793,11,6,0.48779708186918913,GCA081TIB_TISSUE02
53,0.6478401108204749,3,8,0.4791150188707171,GCA081TIB_TISSUE02
104,0.6200804037293645,6,14,0.44935980719832586,GCA081TIB_TISSUE02
31,0.5371106529549018,2,1,0.3671574026017866,GCA081TIB_TISSUE02
63,0.5220324409248212,4,3,0.35320967481280635,GCA081TIB_TISSUE02
